customer_id,age,income,risk_profile,customer_segment
1,21,26417,Medium,Young Professional
2,32,66991,High,Established Professional
3,20,60354,High,Young Professional
4,56,26506,High,Mature Customer
5,50,40555,Low,Mature Customer
6,42,49538,Low,Established Professional
7,48,46528,High,Mature Customer
8,69,58813,High,Mature Customer
9,49,61024,Medium,Mature Customer
10,33,73898,High,Established Professional
11,21,63021,Medium,Young Professional
12,48,49016,Medium,Mature Customer
13,31,30716,High,Established Professional
14,28,63885,Low,Young Professional
15,27,74928,High,Young Professional
16,62,27700,Medium,Mature Customer
17,23,55895,Low,Young Professional
18,24,46902,Low,Young Professional
19,49,77750,Medium,Mature Customer
20,60,60718,Low,Mature Customer
21,28,70011,High,Young Professional
22,49,39677,Low,Mature Customer
23,35,37942,High,Established Professional
24,54,69708,Medium,Mature Customer
25,34,49359,High,Established Professional
26,43,65888,Medium,Established Professional
27,51,69723,Medium,Mature Customer
28,63,54962,High,Mature Customer
29,47,48806,Medium,Mature Customer
30,35,40890,Medium,Established Professional
31,64,70564,Low,Mature Customer
32,53,38937,Medium,Mature Customer
33,64,58099,Medium,Mature Customer
34,64,27420,Low,Mature Customer
35,25,40418,Medium,Young Professional
36,48,58441,Low,Mature Customer
37,42,32511,Low,Established Professional
38,50,65513,High,Mature Customer
39,50,74748,Medium,Mature Customer
40,37,41304,Low,Established Professional
41,23,55154,Low,Young Professional
42,67,39230,High,Mature Customer
43,65,49571,Medium,Mature Customer
44,42,56367,High,Established Professional
45,39,37508,High,Established Professional
46,54,53440,High,Mature Customer
47,68,62367,Low,Mature Customer
48,65,46006,High,Mature Customer
49,38,69650,High,Established Professional
50,49,29742,Medium,Mature Customer
51,57,53493,Medium,Mature Customer
52,23,74925,Medium,Young Professional
53,62,55120,Low,Mature Customer
54,55,54839,Low,Mature Customer
55,51,67365,Low,Mature Customer
56,32,49732,High,Established Professional
57,32,30062,High,Established Professional
58,28,79201,Medium,Young Professional
59,28,48850,Medium,Young Professional
60,23,42233,Low,Young Professional
61,44,43864,Medium,Established Professional
62,27,38121,High,Young Professional
63,42,68063,Medium,Established Professional
64,61,71552,Low,Mature Customer
65,40,72401,Low,Established Professional
66,26,63678,High,Young Professional
67,53,70136,Low,Mature Customer
68,52,27039,Low,Mature Customer
69,65,66338,High,Mature Customer
70,41,45173,Medium,Established Professional
71,31,60026,Medium,Established Professional
72,58,72327,High,Mature Customer
73,43,37301,Low,Established Professional
74,24,35456,Medium,Young Professional
75,57,79498,Low,Mature Customer
76,65,66281,Low,Mature Customer
77,66,46797,High,Mature Customer
78,56,47428,Low,Mature Customer
79,64,56515,High,Mature Customer
80,35,35260,High,Established Professional
81,58,38219,High,Mature Customer
82,42,67215,High,Established Professional
83,34,43644,High,Established Professional
84,58,69994,Low,Mature Customer
85,49,51612,High,Mature Customer
86,56,56390,Low,Mature Customer
87,29,32757,Low,Young Professional
88,66,53170,High,Mature Customer
89,57,69308,High,Mature Customer
90,49,38604,Low,Mature Customer
91,42,75472,High,Established Professional
92,30,79789,Low,Young Professional
93,26,78185,Low,Young Professional
94,52,48931,Medium,Mature Customer
95,40,36136,High,Established Professional
96,58,76504,Medium,Mature Customer
97,37,79801,High,Established Professional
98,25,75307,Medium,Young Professional
99,36,38625,Low,Established Professional
100,34,28719,High,Established Professional
101,39,48483,High,Established Professional
102,33,54045,High,Established Professional
103,68,65226,High,Mature Customer
104,34,45421,Medium,Established Professional
105,56,50749,Low,Mature Customer
106,58,64915,Medium,Mature Customer
107,45,49056,Low,Established Professional
108,35,26991,High,Established Professional
109,47,65123,Low,Mature Customer
110,34,51731,High,Established Professional
111,25,27703,Medium,Young Professional
112,20,29702,High,Young Professional
113,70,75921,High,Mature Customer
114,65,76112,Medium,Mature Customer
115,47,53367,Low,Mature Customer
116,60,44057,High,Mature Customer
117,28,57653,High,Young Professional
118,33,63243,High,Established Professional
119,34,37719,High,Established Professional
120,53,54396,Low,Mature Customer
121,24,66639,High,Young Professional
122,26,30130,Low,Young Professional
123,22,37753,Medium,Young Professional
124,60,45815,High,Mature Customer
125,38,65870,High,Established Professional
126,26,75821,Low,Young Professional
127,42,33694,High,Established Professional
128,45,46402,Low,Established Professional
129,66,70013,Medium,Mature Customer
130,42,37228,Low,Established Professional
131,34,74560,Medium,Established Professional
132,32,45829,Low,Established Professional
133,37,48521,Low,Established Professional
134,55,78577,Low,Mature Customer
135,37,50440,Low,Established Professional
136,58,61520,High,Mature Customer
137,60,70472,High,Mature Customer
138,26,75336,High,Young Professional
139,65,76789,Medium,Mature Customer
140,70,65161,Medium,Mature Customer
141,29,32647,Low,Young Professional
142,25,67618,Low,Young Professional
143,33,74529,Low,Established Professional
144,48,75982,Low,Mature Customer
145,45,47329,Low,Established Professional
146,61,57420,Medium,Mature Customer
147,61,27936,Medium,Mature Customer
148,45,64042,Medium,Established Professional
149,32,62803,Low,Established Professional
150,31,31242,Low,Established Professional
151,46,59388,Low,Mature Customer
152,67,71550,Low,Mature Customer
153,69,53112,Medium,Mature Customer
154,43,76092,Medium,Established Professional
155,42,31055,Medium,Established Professional
156,24,76265,Low,Young Professional
157,61,54597,Low,Mature Customer
158,45,27437,Low,Established Professional
159,49,77058,Medium,Mature Customer
160,47,60937,Medium,Mature Customer
161,47,59558,High,Mature Customer
162,40,76675,High,Established Professional
163,60,58251,Medium,Mature Customer
164,26,56523,Medium,Young Professional
165,68,35899,Low,Mature Customer
166,29,77140,High,Young Professional
167,56,36518,High,Mature Customer
168,65,48152,Medium,Mature Customer
169,26,37465,Medium,Young Professional
170,53,35809,Medium,Mature Customer
171,38,37690,Low,Established Professional
172,60,53893,Medium,Mature Customer
173,30,53763,Low,Young Professional
174,30,47288,Low,Young Professional
175,23,30504,High,Young Professional
176,54,47035,High,Mature Customer
177,60,51305,Low,Mature Customer
178,67,58455,Medium,Mature Customer
179,60,54923,High,Mature Customer
180,24,42863,Low,Young Professional
181,20,40255,High,Young Professional
182,47,77596,Medium,Mature Customer
183,40,75505,Low,Established Professional
184,66,55749,Medium,Mature Customer
185,68,28593,Low,Mature Customer
186,36,64317,High,Established Professional
187,20,75105,Low,Young Professional
188,60,39781,Medium,Mature Customer
189,69,55719,Medium,Mature Customer
190,66,56862,Low,Mature Customer
191,43,40975,Low,Established Professional
192,52,64193,Low,Mature Customer
193,56,72513,Low,Mature Customer
194,28,77267,Low,Young Professional
195,45,68294,Low,Established Professional
196,52,28954,Medium,Mature Customer
197,23,43754,Low,Young Professional
198,37,32104,High,Established Professional
199,49,44819,High,Mature Customer
200,56,79584,High,Mature Customer
201,45,34859,Medium,Established Professional
202,28,33642,High,Young Professional
203,30,50452,Low,Young Professional
204,25,28484,High,Young Professional
205,69,51575,Medium,Mature Customer
206,51,51676,Medium,Mature Customer
207,35,70614,Low,Established Professional
208,67,67537,High,Mature Customer
209,35,75025,Medium,Established Professional
210,39,37226,Low,Established Professional
211,41,58033,High,Established Professional
212,28,62961,High,Young Professional
213,37,27334,High,Established Professional
214,67,45371,High,Mature Customer
215,20,31507,Medium,Young Professional
216,37,69617,High,Established Professional
217,41,48806,Medium,Established Professional
218,26,34661,Medium,Young Professional
219,53,48076,Low,Mature Customer
220,56,51845,High,Mature Customer
221,70,76534,Medium,Mature Customer
222,57,75524,High,Mature Customer
223,68,34987,High,Mature Customer
224,38,47176,Medium,Established Professional
225,55,55808,Low,Mature Customer
226,32,28582,Low,Established Professional
227,23,74563,Low,Young Professional
228,24,34542,Medium,Young Professional
229,20,32555,Low,Young Professional
230,67,51898,Low,Mature Customer
231,48,71892,Medium,Mature Customer
232,36,67467,Low,Established Professional
233,20,37918,Low,Young Professional
234,66,25160,Low,Mature Customer
235,28,36916,Low,Young Professional
236,58,55410,High,Mature Customer
237,36,75163,High,Established Professional
238,51,41183,Medium,Mature Customer
239,64,35882,High,Mature Customer
240,39,67279,Medium,Established Professional
241,45,62773,Low,Established Professional
242,59,55181,Low,Mature Customer
243,33,70070,Low,Established Professional
244,41,54538,High,Established Professional
245,47,58899,Medium,Mature Customer
246,63,77496,Low,Mature Customer
247,54,77636,High,Mature Customer
248,21,54431,High,Young Professional
249,40,53861,Medium,Established Professional
250,21,45881,Medium,Young Professional
251,63,65948,Medium,Mature Customer
252,28,77272,Low,Young Professional
253,50,43277,Medium,Mature Customer
254,53,39017,High,Mature Customer
255,67,67843,Low,Mature Customer
256,24,55428,Medium,Young Professional
257,63,55048,Medium,Mature Customer
258,20,25332,Low,Young Professional
259,48,31536,Medium,Mature Customer
260,51,63648,High,Mature Customer
261,24,34433,Medium,Young Professional
262,60,29507,Medium,Mature Customer
263,24,26616,High,Young Professional
264,37,40122,High,Established Professional
265,60,32031,Medium,Mature Customer
266,70,75779,High,Mature Customer
267,69,52142,Low,Mature Customer
268,21,51683,High,Young Professional
269,25,26715,Low,Young Professional
270,51,72534,High,Mature Customer
271,28,47647,High,Young Professional
272,65,61922,Medium,Mature Customer
273,58,33046,Low,Mature Customer
274,23,74307,High,Young Professional
275,41,56937,Medium,Established Professional
276,52,38940,Medium,Mature Customer
277,55,70332,Low,Mature Customer
278,26,48107,Low,Young Professional
279,60,69286,Low,Mature Customer
280,31,64587,Medium,Established Professional
281,42,53578,High,Established Professional
282,68,41436,Low,Mature Customer
283,30,73781,Low,Young Professional
284,39,42677,Low,Established Professional
285,56,76386,High,Mature Customer
286,39,62618,Medium,Established Professional
287,32,62183,Low,Established Professional
288,54,39793,High,Mature Customer
289,67,33148,Medium,Mature Customer
290,56,58274,Low,Mature Customer
291,65,64293,Medium,Mature Customer
292,36,70905,Medium,Established Professional
293,26,36751,Medium,Young Professional
294,64,37466,Medium,Mature Customer
295,69,47391,High,Mature Customer
296,53,47277,High,Mature Customer
297,25,59613,Medium,Young Professional
298,38,55088,High,Established Professional
299,51,45527,High,Mature Customer
300,61,32271,Low,Mature Customer
301,42,68892,Low,Established Professional
302,38,50919,Medium,Established Professional
303,59,65049,Low,Mature Customer
304,23,30787,High,Young Professional
305,65,47782,High,Mature Customer
306,61,48794,High,Mature Customer
307,64,49585,Low,Mature Customer
308,49,39718,Medium,Mature Customer
309,45,56194,Medium,Established Professional
310,43,72339,Medium,Established Professional
311,41,38806,Low,Established Professional
312,60,56648,Medium,Mature Customer
313,22,31276,Low,Young Professional
314,65,79358,Low,Mature Customer
315,53,64597,Medium,Mature Customer
316,52,58622,High,Mature Customer
317,52,77127,High,Mature Customer
318,64,59829,Low,Mature Customer
319,34,44690,Low,Established Professional
320,68,27699,Low,Mature Customer
321,26,65064,Medium,Young Professional
322,23,35608,Low,Young Professional
323,62,63499,Low,Mature Customer
324,21,76095,Low,Young Professional
325,58,61576,Medium,Mature Customer
326,37,35354,Low,Established Professional
327,40,71813,High,Established Professional
328,67,32333,Medium,Mature Customer
329,70,27529,High,Mature Customer
330,30,63746,Low,Young Professional
331,31,60940,Medium,Established Professional
332,35,48266,High,Established Professional
333,42,53357,Low,Established Professional
334,49,50418,High,Mature Customer
335,42,54798,Low,Established Professional
336,52,27110,High,Mature Customer
337,70,54814,Low,Mature Customer
338,66,46578,Medium,Mature Customer
339,33,59814,Medium,Established Professional
340,22,31663,High,Young Professional
341,47,37207,Low,Mature Customer
342,66,32340,High,Mature Customer
343,63,55462,High,Mature Customer
344,53,77425,High,Mature Customer
345,43,44088,High,Established Professional
346,34,28255,High,Established Professional
347,53,44586,Low,Mature Customer
348,35,25802,Low,Established Professional
349,48,76112,Low,Mature Customer
350,67,44807,High,Mature Customer
351,63,75643,Medium,Mature Customer
352,57,38258,Low,Mature Customer
353,43,25586,High,Established Professional
354,39,51272,Low,Established Professional
355,25,39543,Low,Young Professional
356,45,31758,High,Established Professional
357,44,66481,Low,Established Professional
358,20,32733,High,Young Professional
359,23,65648,Low,Young Professional
360,37,70143,High,Established Professional
361,35,33452,Low,Established Professional
362,48,76642,Medium,Mature Customer
363,68,64942,Medium,Mature Customer
364,70,72466,Low,Mature Customer
365,55,55727,Medium,Mature Customer
366,24,50301,Medium,Young Professional
367,43,34239,High,Established Professional
368,57,53136,Medium,Mature Customer
369,33,75899,Medium,Established Professional
370,38,72051,Medium,Established Professional
371,33,34266,Medium,Established Professional
372,47,48280,Medium,Mature Customer
373,65,65097,High,Mature Customer
374,39,62725,Low,Established Professional
375,55,26868,Low,Mature Customer
376,68,37988,Low,Mature Customer
377,44,72395,High,Established Professional
378,55,45267,Low,Mature Customer
379,27,35692,Low,Young Professional
380,44,54591,Medium,Established Professional
381,65,65018,High,Mature Customer
382,22,76182,High,Young Professional
383,28,26349,High,Young Professional
384,50,60436,Medium,Mature Customer
385,26,27550,Low,Young Professional
386,52,76368,Medium,Mature Customer
387,26,64461,Low,Young Professional
388,51,40705,Medium,Mature Customer
389,65,40592,Low,Mature Customer
390,39,59922,High,Established Professional
391,44,67847,Medium,Established Professional
392,35,51935,High,Established Professional
393,36,50062,Medium,Established Professional
394,55,36423,Low,Mature Customer
395,68,36225,High,Mature Customer
396,57,74537,High,Mature Customer
397,62,44313,Low,Mature Customer
398,52,32983,High,Mature Customer
399,48,40058,Low,Mature Customer
400,43,55895,High,Established Professional
401,38,70012,Low,Established Professional
402,44,45408,Low,Established Professional
403,65,33035,Medium,Mature Customer
404,43,26085,High,Established Professional
405,67,44256,High,Mature Customer
406,33,61866,Medium,Established Professional
407,38,40694,High,Established Professional
408,36,58306,Low,Established Professional
409,63,53192,Low,Mature Customer
410,59,79962,High,Mature Customer
411,38,68912,Low,Established Professional
412,51,37810,Medium,Mature Customer
413,67,71667,Low,Mature Customer
414,21,35910,Low,Young Professional
415,61,68385,Medium,Mature Customer
416,22,59138,High,Young Professional
417,37,73572,Medium,Established Professional
418,56,66261,High,Mature Customer
419,21,77547,Low,Young Professional
420,25,57691,Low,Young Professional
421,70,32537,Medium,Mature Customer
422,29,75167,Medium,Young Professional
423,36,59468,High,Established Professional
424,34,28357,High,Established Professional
425,57,54404,Low,Mature Customer
426,38,73297,Low,Established Professional
427,32,33840,Low,Established Professional
428,22,65089,Low,Young Professional
429,26,61768,Low,Young Professional
430,69,53617,Low,Mature Customer
431,35,64120,Low,Established Professional
432,54,66993,Medium,Mature Customer
433,33,79177,High,Established Professional
434,22,50945,High,Young Professional
435,26,60720,Medium,Young Professional
436,65,26471,Medium,Mature Customer
437,55,59665,High,Mature Customer
438,61,37590,Low,Mature Customer
439,26,35177,Low,Young Professional
440,23,42987,Low,Young Professional
441,36,33366,Medium,Established Professional
442,62,28588,High,Mature Customer
443,69,40238,High,Mature Customer
444,39,44942,High,Established Professional
445,21,52648,Medium,Young Professional
446,37,66633,Low,Established Professional
447,53,53789,Medium,Mature Customer
448,61,51696,Low,Mature Customer
449,61,58043,Low,Mature Customer
450,63,47158,Low,Mature Customer
451,59,77659,Medium,Mature Customer
452,56,61130,Medium,Mature Customer
453,37,72007,Low,Established Professional
454,33,60960,Medium,Established Professional
455,62,73149,Medium,Mature Customer
456,56,47273,Medium,Mature Customer
457,27,70353,High,Young Professional
458,41,26913,Low,Established Professional
459,54,55782,High,Mature Customer
460,50,76760,Low,Mature Customer
461,69,30328,Low,Mature Customer
462,61,31610,High,Mature Customer
463,69,60787,Medium,Mature Customer
464,46,41405,High,Mature Customer
465,32,68487,Low,Established Professional
466,64,46066,Low,Mature Customer
467,69,69098,Medium,Mature Customer
468,64,74701,Medium,Mature Customer
469,38,73522,Low,Established Professional
470,52,68212,Low,Mature Customer
471,46,26830,Low,Mature Customer
472,63,71155,Low,Mature Customer
473,52,52946,Low,Mature Customer
474,35,58429,Medium,Established Professional
475,54,68241,High,Mature Customer
476,23,32135,Low,Young Professional
477,52,31628,Low,Mature Customer
478,36,64222,Low,Established Professional
479,25,74895,Medium,Young Professional
480,51,70824,Medium,Mature Customer
481,65,39865,High,Mature Customer
482,55,51656,Medium,Mature Customer
483,43,57639,Low,Established Professional
484,65,31639,Medium,Mature Customer
485,64,70986,Medium,Mature Customer
486,60,68109,Low,Mature Customer
487,49,41418,High,Mature Customer
488,42,33057,High,Established Professional
489,68,57260,Low,Mature Customer
490,49,75207,Low,Mature Customer
491,20,51170,Low,Young Professional
492,27,49022,Medium,Young Professional
493,61,63468,Low,Mature Customer
494,61,48058,Low,Mature Customer
495,70,35778,Low,Mature Customer
496,56,29543,Low,Mature Customer
497,58,70576,Low,Mature Customer
498,42,75314,Medium,Established Professional
499,65,58182,Medium,Mature Customer
500,22,70488,High,Young Professional
501,59,41342,High,Mature Customer
502,57,49703,Low,Mature Customer
503,24,50059,High,Young Professional
504,20,50038,Low,Young Professional
505,43,46720,Low,Established Professional
506,36,42225,High,Established Professional
507,29,67554,Medium,Young Professional
508,37,73279,Medium,Established Professional
509,44,65674,Low,Established Professional
510,40,48788,Medium,Established Professional
511,29,62142,Low,Young Professional
512,42,77004,Medium,Established Professional
513,70,31699,High,Mature Customer
514,44,73883,Medium,Established Professional
515,69,55079,High,Mature Customer
516,67,27048,Low,Mature Customer
517,40,28230,Low,Established Professional
518,29,77072,Low,Young Professional
519,65,34001,Medium,Mature Customer
520,29,42948,High,Young Professional
521,48,29326,Medium,Mature Customer
522,36,51602,Medium,Established Professional
523,22,51163,Low,Young Professional
524,21,79811,Low,Young Professional
525,54,58604,High,Mature Customer
526,41,56067,Low,Established Professional
527,67,25097,High,Mature Customer
528,31,61438,High,Established Professional
529,48,46088,Low,Mature Customer
530,62,69134,Medium,Mature Customer
531,66,78182,High,Mature Customer
532,63,74073,High,Mature Customer
533,31,40674,Low,Established Professional
534,57,25007,Low,Mature Customer
535,43,76022,High,Established Professional
536,58,37928,High,Mature Customer
537,48,79097,High,Mature Customer
538,69,72278,High,Mature Customer
539,27,64145,Low,Young Professional
540,23,54164,High,Young Professional
541,50,63640,High,Mature Customer
542,24,64442,Medium,Young Professional
543,26,69258,Low,Young Professional
544,21,40090,Medium,Young Professional
545,60,54002,Medium,Mature Customer
546,40,79150,Low,Established Professional
547,43,71107,High,Established Professional
548,53,52174,Medium,Mature Customer
549,51,37366,Medium,Mature Customer
550,43,72309,High,Established Professional
551,23,74782,Low,Young Professional
552,68,57984,High,Mature Customer
553,60,36308,Low,Mature Customer
554,25,45213,Medium,Young Professional
555,39,77669,High,Established Professional
556,37,50468,High,Established Professional
557,28,30297,Low,Young Professional
558,31,40027,Low,Established Professional
559,53,44184,Low,Mature Customer
560,40,48900,Low,Established Professional
561,24,25484,High,Young Professional
562,31,73840,High,Established Professional
563,43,69699,Medium,Established Professional
564,61,33608,High,Mature Customer
565,36,70022,Medium,Established Professional
566,34,66677,Medium,Established Professional
567,33,47029,High,Established Professional
568,32,70012,Medium,Established Professional
569,23,57907,Medium,Young Professional
570,50,69813,High,Mature Customer
571,36,52634,Medium,Established Professional
572,53,76376,High,Mature Customer
573,64,65977,High,Mature Customer
574,59,39879,Low,Mature Customer
575,29,42522,High,Young Professional
576,64,73395,Medium,Mature Customer
577,44,52188,High,Established Professional
578,34,50018,Medium,Established Professional
579,34,77202,Low,Established Professional
580,48,32526,Medium,Mature Customer
581,26,39222,Medium,Young Professional
582,55,30134,High,Mature Customer
583,25,26186,Low,Young Professional
584,57,33180,High,Mature Customer
585,21,48383,Low,Young Professional
586,56,56151,Medium,Mature Customer
587,54,25385,Medium,Mature Customer
588,37,62505,Low,Established Professional
589,39,50990,High,Established Professional
590,37,32632,Medium,Established Professional
591,60,50778,Medium,Mature Customer
592,20,55010,Medium,Young Professional
593,50,78269,Low,Mature Customer
594,36,74518,Low,Established Professional
595,47,45126,High,Mature Customer
596,60,43991,Low,Mature Customer
597,22,48835,Medium,Young Professional
598,52,30643,Medium,Mature Customer
599,28,71868,Medium,Young Professional
600,54,51635,Medium,Mature Customer
601,31,29911,High,Established Professional
602,70,35135,Medium,Mature Customer
603,61,32878,High,Mature Customer
604,39,58711,Medium,Established Professional
605,30,68825,Medium,Young Professional
606,44,62253,Low,Established Professional
607,30,74111,High,Young Professional
608,28,71390,Medium,Young Professional
609,63,32321,High,Mature Customer
610,26,78310,High,Young Professional
611,32,59075,Low,Established Professional
612,43,69016,Medium,Established Professional
613,45,25751,Medium,Established Professional
614,31,67251,Medium,Established Professional
615,64,33379,Low,Mature Customer
616,46,65109,Medium,Mature Customer
617,63,27790,Low,Mature Customer
618,68,26530,Medium,Mature Customer
619,34,66310,Medium,Established Professional
620,21,77725,Low,Young Professional
621,32,68790,Low,Established Professional
622,66,78558,Low,Mature Customer
623,48,49365,Low,Mature Customer
624,39,42741,Medium,Established Professional
625,42,57443,High,Established Professional
626,33,77412,Low,Established Professional
627,56,67725,Medium,Mature Customer
628,46,52335,Medium,Mature Customer
629,47,66374,Low,Mature Customer
630,20,51779,Medium,Young Professional
631,65,47663,High,Mature Customer
632,56,61584,Medium,Mature Customer
633,44,49826,Medium,Established Professional
634,61,75819,High,Mature Customer
635,29,28461,Low,Young Professional
636,53,30419,Low,Mature Customer
637,41,78206,Low,Established Professional
638,48,58968,Medium,Mature Customer
639,41,74637,High,Established Professional
640,44,45702,Low,Established Professional
641,35,40475,Medium,Established Professional
642,57,71361,High,Mature Customer
643,68,41713,Medium,Mature Customer
644,48,57003,Low,Mature Customer
645,33,47827,High,Established Professional
646,33,78746,High,Established Professional
647,53,28453,Low,Mature Customer
648,45,70326,Low,Established Professional
649,45,44566,Low,Established Professional
650,27,45612,Low,Young Professional
651,58,42053,High,Mature Customer
652,38,71027,Medium,Established Professional
653,69,54713,Low,Mature Customer
654,48,61579,Medium,Mature Customer
655,66,53226,High,Mature Customer
656,62,42550,High,Mature Customer
657,59,45104,Low,Mature Customer
658,32,76900,Medium,Established Professional
659,54,54141,Medium,Mature Customer
660,25,38858,Low,Young Professional
661,20,31666,High,Young Professional
662,48,69466,Medium,Mature Customer
663,66,52952,Low,Mature Customer
664,63,30954,High,Mature Customer
665,52,58548,High,Mature Customer
666,29,61226,High,Young Professional
667,31,53501,Low,Established Professional
668,51,42383,High,Mature Customer
669,66,76082,High,Mature Customer
670,45,77542,Low,Established Professional
671,46,68465,Low,Mature Customer
672,46,32022,Medium,Mature Customer
673,45,48258,High,Established Professional
674,20,26315,High,Young Professional
675,22,35475,High,Young Professional
676,45,72842,High,Established Professional
677,41,56676,High,Established Professional
678,21,45613,Medium,Young Professional
679,35,75831,Medium,Established Professional
680,48,60517,Medium,Mature Customer
681,66,52721,High,Mature Customer
682,24,43278,High,Young Professional
683,62,79766,Medium,Mature Customer
684,30,38370,Medium,Young Professional
685,59,59870,Low,Mature Customer
686,68,40044,High,Mature Customer
687,69,44779,High,Mature Customer
688,67,36834,Medium,Mature Customer
689,21,74732,High,Young Professional
690,37,66223,High,Established Professional
691,30,56472,High,Young Professional
692,40,61478,Low,Established Professional
693,65,77137,High,Mature Customer
694,37,61381,High,Established Professional
695,70,77950,Medium,Mature Customer
696,47,58011,Low,Mature Customer
697,36,50823,Low,Established Professional
698,62,75070,High,Mature Customer
699,59,57359,High,Mature Customer
700,60,62750,Low,Mature Customer
701,36,59377,High,Established Professional
702,48,26826,High,Mature Customer
703,39,77709,Low,Established Professional
704,52,77510,Low,Mature Customer
705,39,38135,Medium,Established Professional
706,66,40832,Medium,Mature Customer
707,50,73472,Medium,Mature Customer
708,35,57652,Medium,Established Professional
709,49,79539,High,Mature Customer
710,44,79605,Medium,Established Professional
711,43,42753,Medium,Established Professional
712,27,75216,Low,Young Professional
713,49,75923,Medium,Mature Customer
714,61,65131,High,Mature Customer
715,44,55484,Medium,Established Professional
716,36,78019,Medium,Established Professional
717,31,68762,Low,Established Professional
718,30,27634,Low,Young Professional
719,59,75256,High,Mature Customer
720,37,57777,Medium,Established Professional
721,43,54220,Medium,Established Professional
722,52,43189,Medium,Mature Customer
723,32,48866,Low,Established Professional
724,66,71609,Medium,Mature Customer
725,32,42190,Low,Established Professional
726,29,35256,Medium,Young Professional
727,53,59697,Medium,Mature Customer
728,68,78185,Low,Mature Customer
729,41,61019,Low,Established Professional
730,36,38968,High,Established Professional
731,33,43688,High,Established Professional
732,26,50860,Low,Young Professional
733,52,74198,Low,Mature Customer
734,46,35405,Medium,Mature Customer
735,63,50364,Low,Mature Customer
736,46,48410,Medium,Mature Customer
737,45,42297,High,Established Professional
738,65,41955,High,Mature Customer
739,36,66847,Low,Established Professional
740,27,27774,Medium,Young Professional
741,41,79022,Low,Established Professional
742,39,30273,Low,Established Professional
743,40,26720,Medium,Established Professional
744,22,77121,Low,Young Professional
745,23,49167,High,Young Professional
746,54,66135,Low,Mature Customer
747,67,41446,Medium,Mature Customer
748,69,45541,High,Mature Customer
749,36,63463,Low,Established Professional
750,69,71602,Medium,Mature Customer
751,45,49308,Medium,Established Professional
752,37,79482,Low,Established Professional
753,33,68652,Medium,Established Professional
754,55,48855,High,Mature Customer
755,31,74090,High,Established Professional
756,51,62994,Low,Mature Customer
757,53,35188,Low,Mature Customer
758,61,30559,Low,Mature Customer
759,49,36287,Low,Mature Customer
760,52,52516,Low,Mature Customer
761,30,74401,Medium,Young Professional
762,41,51757,High,Established Professional
763,39,27736,Medium,Established Professional
764,63,74326,High,Mature Customer
765,35,50022,Medium,Established Professional
766,33,76724,High,Established Professional
767,67,27864,High,Mature Customer
768,58,44542,Low,Mature Customer
769,67,60719,High,Mature Customer
770,21,35492,High,Young Professional
771,25,44396,Medium,Young Professional
772,27,48551,Low,Young Professional
773,20,69702,Medium,Young Professional
774,52,58245,High,Mature Customer
775,36,72846,Medium,Established Professional
776,35,41757,High,Established Professional
777,49,33831,Medium,Mature Customer
778,36,69699,Medium,Established Professional
779,48,58707,Medium,Mature Customer
780,70,36192,High,Mature Customer
781,61,63234,Low,Mature Customer
782,67,68696,Low,Mature Customer
783,32,57900,High,Established Professional
784,61,50595,Low,Mature Customer
785,43,71104,Medium,Established Professional
786,50,72142,High,Mature Customer
787,56,51240,Medium,Mature Customer
788,33,31817,Low,Established Professional
789,35,49969,High,Established Professional
790,69,27420,Low,Mature Customer
791,20,72642,High,Young Professional
792,37,56194,Low,Established Professional
793,27,71816,Low,Young Professional
794,41,63299,Medium,Established Professional
795,37,67394,High,Established Professional
796,70,59800,Medium,Mature Customer
797,46,68423,Low,Mature Customer
798,66,29845,Low,Mature Customer
799,42,58196,Low,Established Professional
800,23,67612,Medium,Young Professional
801,25,64571,Low,Young Professional
802,44,65440,Medium,Established Professional
803,22,76273,Low,Young Professional
804,66,36307,High,Mature Customer
805,56,61107,High,Mature Customer
806,70,67595,Low,Mature Customer
807,52,64926,Low,Mature Customer
808,39,36259,Medium,Established Professional
809,27,54651,Medium,Young Professional
810,67,49308,Medium,Mature Customer
811,50,30401,Low,Mature Customer
812,28,54034,High,Young Professional
813,45,77484,High,Established Professional
814,47,72764,High,Mature Customer
815,20,77043,Low,Young Professional
816,27,34582,Medium,Young Professional
817,44,49276,Low,Established Professional
818,35,76251,High,Established Professional
819,29,36694,Low,Young Professional
820,32,63752,Medium,Established Professional
821,66,74067,Medium,Mature Customer
822,27,69220,Medium,Young Professional
823,32,25968,Low,Established Professional
824,37,49986,High,Established Professional
825,54,61492,Medium,Mature Customer
826,21,78534,High,Young Professional
827,37,26878,High,Established Professional
828,34,62486,High,Established Professional
829,23,57152,High,Young Professional
830,36,31115,Low,Established Professional
831,26,75055,High,Young Professional
832,27,79128,Low,Young Professional
833,24,63835,Low,Young Professional
834,65,33141,Medium,Mature Customer
835,45,52407,High,Established Professional
836,66,59887,Low,Mature Customer
837,29,35974,Low,Young Professional
838,20,27249,Low,Young Professional
839,30,51067,High,Young Professional
840,22,58151,Medium,Young Professional
841,54,42781,High,Mature Customer
842,23,52052,Low,Young Professional
843,21,32355,Medium,Young Professional
844,46,71601,Low,Mature Customer
845,25,26081,Medium,Young Professional
846,52,46208,Medium,Mature Customer
847,68,53928,Medium,Mature Customer
848,58,29591,Medium,Mature Customer
849,44,32263,High,Established Professional
850,70,61825,High,Mature Customer
851,30,49664,Medium,Young Professional
852,39,25270,Low,Established Professional
853,61,55972,Low,Mature Customer
854,40,79845,Medium,Established Professional
855,70,53974,Medium,Mature Customer
856,35,35927,High,Established Professional
857,58,46883,Medium,Mature Customer
858,36,36306,High,Established Professional
859,70,39570,Medium,Mature Customer
860,33,42199,Low,Established Professional
861,55,45357,Low,Mature Customer
862,42,35304,Medium,Established Professional
863,56,52929,Low,Mature Customer
864,44,45303,High,Established Professional
865,58,61925,Medium,Mature Customer
866,55,48448,High,Mature Customer
867,31,41089,High,Established Professional
868,70,77726,High,Mature Customer
869,56,63223,High,Mature Customer
870,59,49525,High,Mature Customer
871,43,78492,Low,Established Professional
872,38,77466,High,Established Professional
873,49,65785,High,Mature Customer
874,42,62806,Low,Established Professional
875,25,39442,Medium,Young Professional
876,68,51264,Low,Mature Customer
877,57,65482,High,Mature Customer
878,46,43114,Medium,Mature Customer
879,54,58095,Medium,Mature Customer
880,63,34465,Low,Mature Customer
881,20,43036,Low,Young Professional
882,50,72790,Medium,Mature Customer
883,43,61012,High,Established Professional
884,34,38938,Medium,Established Professional
885,65,33017,High,Mature Customer
886,59,45838,Medium,Mature Customer
887,43,64186,Medium,Established Professional
888,36,48355,High,Established Professional
889,28,59127,High,Young Professional
890,32,48116,Low,Established Professional
891,35,45305,Medium,Established Professional
892,29,71792,Medium,Young Professional
893,23,73584,Medium,Young Professional
894,40,44483,High,Established Professional
895,64,60902,Medium,Mature Customer
896,59,78604,Low,Mature Customer
897,50,53607,Low,Mature Customer
898,26,33497,High,Young Professional
899,57,58777,High,Mature Customer
900,33,57130,Medium,Established Professional
901,24,67488,Medium,Young Professional
902,28,28352,High,Young Professional
903,53,49856,High,Mature Customer
904,51,67270,Low,Mature Customer
905,39,72752,High,Established Professional
906,22,45473,Medium,Young Professional
907,35,25835,Low,Established Professional
908,69,33071,High,Mature Customer
909,27,50400,Medium,Young Professional
910,64,76553,Low,Mature Customer
911,38,60600,Medium,Established Professional
912,52,44920,High,Mature Customer
913,38,76276,Low,Established Professional
914,58,74551,High,Mature Customer
915,55,69096,High,Mature Customer
916,41,29077,High,Established Professional
917,53,55041,Medium,Mature Customer
918,59,54911,Medium,Mature Customer
919,31,41974,Medium,Established Professional
920,33,29175,High,Established Professional
921,58,55898,Low,Mature Customer
922,67,34739,High,Mature Customer
923,51,54867,High,Mature Customer
924,27,54782,Low,Young Professional
925,57,56328,Medium,Mature Customer
926,39,53266,High,Established Professional
927,63,54901,Low,Mature Customer
928,53,79960,High,Mature Customer
929,38,73193,Medium,Established Professional
930,37,54536,Medium,Established Professional
931,37,73669,High,Established Professional
932,67,60135,Low,Mature Customer
933,24,31109,High,Young Professional
934,49,78768,Low,Mature Customer
935,22,52644,High,Young Professional
936,41,75758,High,Established Professional
937,56,34732,High,Mature Customer
938,45,63243,Low,Established Professional
939,45,31482,High,Established Professional
940,34,50869,Medium,Established Professional
941,70,26871,High,Mature Customer
942,64,36143,High,Mature Customer
943,26,54369,Low,Young Professional
944,24,37123,Medium,Young Professional
945,20,77738,Medium,Young Professional
946,39,34970,Low,Established Professional
947,55,55453,Low,Mature Customer
948,61,32786,Medium,Mature Customer
949,36,69206,Medium,Established Professional
950,51,57588,Low,Mature Customer
951,56,28963,Medium,Mature Customer
952,32,69639,High,Established Professional
953,26,36420,Medium,Young Professional
954,48,67232,Low,Mature Customer
955,66,30833,Medium,Mature Customer
956,63,77484,Low,Mature Customer
957,46,56605,High,Mature Customer
958,23,62575,Low,Young Professional
959,53,29403,Low,Mature Customer
960,32,60189,High,Established Professional
961,29,32439,High,Young Professional
962,50,69532,Medium,Mature Customer
963,43,69976,High,Established Professional
964,69,51741,Medium,Mature Customer
965,38,79832,High,Established Professional
966,70,62952,Medium,Mature Customer
967,23,51824,Medium,Young Professional
968,67,63160,Low,Mature Customer
969,39,65773,Medium,Established Professional
970,38,58044,High,Established Professional
971,33,35875,Low,Established Professional
972,24,49381,High,Young Professional
973,25,34486,Medium,Young Professional
974,62,52653,Medium,Mature Customer
975,62,37813,Low,Mature Customer
976,34,76141,Medium,Established Professional
977,51,72743,Low,Mature Customer
978,49,32396,Low,Mature Customer
979,46,75498,Low,Mature Customer
980,47,74855,High,Mature Customer
981,42,36959,Medium,Established Professional
982,59,52522,High,Mature Customer
983,23,32163,Medium,Young Professional
984,70,63010,High,Mature Customer
985,44,59010,Low,Established Professional
986,40,32884,Low,Established Professional
987,52,35809,Medium,Mature Customer
988,24,39917,Low,Young Professional
989,60,76002,High,Mature Customer
990,25,42883,High,Young Professional
991,30,53143,Medium,Young Professional
992,29,48059,Medium,Young Professional
993,50,33756,High,Mature Customer
994,39,33683,High,Established Professional
995,55,31601,Medium,Mature Customer
996,45,30067,Low,Established Professional
997,54,66701,Low,Mature Customer
998,57,38260,High,Mature Customer
999,34,36958,Low,Established Professional
1000,70,63427,Low,Mature Customer
